{
    "stage_level": "stage 1-1",
    "heath": 90,
    "position": [
        7.879979133605957,
        2.489999532699585,
        0.0
    ]
}