{
    "stage_level": "stage 1-3",
    "heath": 100,
    "position": [
        -0.780001699924469,
        -1.4700391292572022,
        0.0
    ]
}