{
    "stage_level": "stage 1-1",
    "heath": 100,
    "position": [
        123.78833770751953,
        2.4898416996002199,
        0.0
    ]
}