{
    "stage_level": "stage 1-1",
    "heath": 100,
    "position": [
        -4.507813453674316,
        5.489999294281006,
        0.0
    ]
}